source,target,weight
36,1738,1
939,1867,1
945,1867,1
315,1760,1
1063,1898,1
77,1744,1
77,2004,1
1032,1893,1
1453,1987,1
1474,1991,1
518,1790,1
1083,1898,1
994,1879,1
485,1786,1
501,1788,1
1433,1980,1
757,1836,1
1523,1995,1
201,1754,1
1046,1895,1
126,1748,1
1014,1886,1
308,1760,1
308,1761,1
1185,1919,1
892,1861,1
892,2010,1
276,1760,1
1250,1941,1
396,1774,1
396,1950,1
263,1760,1
874,1856,1
359,1772,1
380,1774,1
43,1739,1
1597,2002,1
181,1753,1
1360,1958,1
430,1777,2
815,1850,1
553,1800,1
96,1747,1
1108,1900,1
317,1760,1
1286,1946,1
1521,1995,1
1281,1946,1
1084,1898,1
1497,1995,1
244,1760,1
244,1761,1
588,1804,1
277,1760,1
1271,1945,1
1076,1898,1
1136,1907,1
676,1821,1
1449,1985,1
432,1777,1
619,1808,1
1085,1898,1
1062,1898,1
1274,1946,1
1513,1995,1
705,1826,1
583,1803,1
66,1742,1
390,1774,1
369,1774,1
1160,1915,1
395,1774,1
395,1950,1
811,1849,1
1714,2030,1
963,1870,1
150,1749,1
1605,2002,1
816,1850,1
888,1945,1
888,1860,1
1317,1953,1
1317,2033,2
668,1820,1
109,1880,1
109,1748,1
1053,1898,1
1358,1958,1
932,1867,1
1118,1902,1
433,1777,1
1671,2018,1
1266,1945,1
125,1748,1
11,1885,1
11,1734,1
887,1945,1
887,1860,1
887,1867,1
813,1850,1
1165,1917,1
1627,2004,1
1262,1945,1
240,1760,1
1450,1985,1
378,1774,1
663,1818,1
663,1826,2
484,1786,1
881,1859,1
1486,1994,1
1022,1888,1
76,1744,1
1061,1898,1
1512,1995,1
1033,1893,1
347,1768,1
1459,1989,1
1261,1945,1
231,1760,1
1551,2000,1
1347,1958,1
793,1847,1
1495,1995,1
1048,1896,1
1376,1961,1
1012,1885,1
1464,1990,1
1464,2000,1
301,1760,1
1699,2019,1
653,1816,1
160,1750,1
1656,2010,1
1570,2002,1
434,1777,1
681,1824,1
166,1751,1
166,1953,1
166,1872,1
166,1955,1
711,1826,1
57,1742,1
57,1898,2
995,1879,1
1428,1980,1
1145,1912,1
1335,1958,1
289,1760,1
311,1760,2
1458,1989,1
654,1816,1
1067,1898,1
1522,1995,1
733,1826,1
392,1774,1
1440,1982,1
1080,1898,1
477,1785,1
1573,2002,1
909,1864,1
139,1749,1
1678,2021,1
1162,1915,1
22,1735,1
669,1820,1
546,1797,1
399,1774,1
573,1803,1
604,1803,1
1131,1905,1
1684,2024,1
409,1774,1
1683,2024,1
302,1760,1
1260,1945,1
707,1826,1
81,1744,1
81,1970,1
1244,1941,1
708,1826,1
708,1954,1
708,1872,1
217,1757,1
725,1826,1
690,1826,1
147,1749,1
491,1787,1
1467,1990,1
574,1803,1
435,1777,1
482,1786,1
1601,2002,1
950,1867,1
745,1830,1
1232,1937,1
1232,2030,1
264,1760,1
1701,2026,1
1124,1903,1
135,2011,1
135,1749,1
135,1801,1
135,1894,1
233,1760,1
24,1826,1
24,1736,1
1208,1932,1
305,1760,1
305,1761,1
164,1751,1
164,1953,1
164,1955,1
164,2033,1
472,1784,1
324,1761,1
1064,1898,1
555,1800,1
1402,1974,1
1344,1958,1
256,1760,1
855,1854,1
1569,2002,1
660,1817,1
345,1767,1
509,1935,1
509,1788,1
1534,1997,1
1350,1958,1
642,1815,1
1391,1966,1
1334,1958,1
946,1867,1
1000,1879,1
1000,1898,2
637,1813,1
1329,1958,1
817,1850,1
246,1760,1
1151,1915,1
1241,1940,1
1100,1898,1
327,1761,1
1231,1937,1
1231,2030,1
326,1761,1
1059,1898,1
300,1760,1
587,1804,1
2,1730,1
100,1747,1
464,1780,1
1175,1919,1
1477,1992,1
1498,1995,1
1659,2011,1
169,1751,1
169,1872,1
169,1867,1
670,1820,1
1305,1951,1
94,1747,1
875,1856,1
303,1760,1
210,1755,1
1283,1946,1
95,1747,1
252,1760,1
718,1826,1
526,1791,1
526,1986,1
495,1788,1
1371,1960,1
1429,1980,1
321,1761,1
1558,2000,1
1276,1946,1
1441,1982,1
489,1786,1
1598,2002,1
1213,1932,1
292,1760,1
382,1774,1
207,1754,1
465,1780,1
294,1760,1
699,1826,1
699,1952,1
699,1867,1
1282,1946,1
657,1816,1
283,1760,1
194,1753,1
1417,1979,1
340,1765,1
159,1750,1
996,1879,1
954,1867,1
1548,2000,1
1337,1958,1
1337,1964,1
503,1788,1
1040,1895,1
436,1777,1
1600,2002,1
554,1800,1
1016,1886,1
685,1825,1
1070,1898,1
184,1753,1
772,1839,1
1707,2029,1
193,1753,1
585,1804,1
585,1955,1
1057,1898,1
1423,1979,1
55,1741,1
437,1777,1
1189,1922,1
1348,1958,1
1086,1898,1
1639,2005,1
818,1850,1
1617,2002,1
1580,2002,1
48,1740,1
330,1762,1
639,1814,1
438,1777,1
739,1828,1
1155,1915,1
1427,1980,1
146,1749,1
1538,1999,1
191,1753,1
925,1867,1
1491,1995,1
1252,1941,1
625,1809,1
839,1853,1
799,1849,1
333,1763,1
1677,2021,1
831,1852,1
41,1738,1
73,1743,1
940,1867,1
1673,2019,1
605,1803,1
1341,1958,1
1068,1898,1
1637,2004,1
602,1803,1
1253,1941,1
566,1803,1
1149,1914,1
522,1790,1
360,1772,1
1097,1898,1
439,1777,1
235,1760,1
601,1803,1
1212,1932,1
1507,1995,1
1223,1934,1
26,1736,1
858,1854,1
1369,1960,1
1106,1899,1
274,1760,1
1166,1917,1
6,1733,1
1645,2007,1
230,1760,1
1297,1949,1
440,1777,1
698,1826,1
1265,1945,1
416,1903,1
416,1774,2
180,1753,1
1425,1980,1
220,1758,1
78,1744,1
78,2004,1
952,1867,1
1183,1919,1
1552,2000,1
1549,2000,1
917,1867,1
1322,1955,1
646,1816,1
646,1975,1
902,1862,1
1288,2009,1
1288,1947,1
1207,1932,1
123,1748,1
1291,1948,1
1632,2004,1
1152,1915,1
784,1842,1
468,1782,1
696,1827,1
696,1957,1
943,1867,1
649,1816,1
441,1777,1
1066,1898,1
400,1774,1
400,1867,1
1204,1930,1
520,1790,1
1711,2030,1
1400,1974,1
1060,1898,1
72,1743,1
1472,1991,1
1264,1945,1
1503,1995,1
1698,2019,1
479,1785,1
70,1743,1
497,1788,1
1034,1893,1
319,1760,1
442,1777,1
1251,1941,1
863,1854,1
505,1788,1
1054,1898,1
1071,1898,1
854,1854,1
1216,1932,1
88,1745,1
267,1760,1
640,1814,1
443,1777,1
1576,2002,1
1615,2002,1
1581,2002,1
1430,1980,1
1643,2006,1
282,1760,1
44,1739,1
1537,1999,1
508,1935,1
508,1788,1
1723,2032,1
9,1733,1
53,1741,1
614,1807,1
234,1760,1
919,1867,1
79,1744,1
79,2004,1
1299,1949,1
424,1775,1
258,1760,1
1426,1980,1
162,1750,1
112,1880,1
112,1748,1
1612,2002,1
1587,2002,1
589,1804,1
629,1810,1
864,1854,1
19,1735,1
607,1803,1
1567,2002,1
819,1850,1
365,1774,1
1315,1952,1
13,1735,1
866,1854,1
1531,1997,1
666,1819,1
726,1826,1
1681,2022,1
1003,1880,1
1078,1898,1
158,1750,1
352,1770,1
114,1748,1
387,1774,1
1454,1987,1
631,1811,1
810,1849,1
1112,1900,1
1354,1958,1
523,1790,1
1494,1995,1
1634,2004,1
1407,1976,1
1505,1995,1
117,1748,1
1662,2013,1
795,1847,1
1316,1952,1
1364,1958,1
108,1748,1
1174,1919,1
682,1824,1
202,1754,1
517,1790,1
406,1774,1
1642,2006,1
260,1760,1
965,1870,1
832,1852,1
1557,2000,1
444,1777,1
1279,1946,1
1613,2002,1
1653,2010,1
598,1803,1
170,1751,1
170,1872,1
83,1744,1
561,1802,1
1132,1905,1
1583,2002,1
592,1804,1
1728,1804,1
445,1777,1
307,1760,1
307,1761,1
1562,2002,1
800,1849,1
1555,2000,2
1182,1919,1
355,1770,1
111,1748,1
1025,1890,1
1577,2002,1
173,1751,1
173,1952,1
173,1958,1
1398,1973,1
1443,1982,1
124,1748,1
1170,1919,1
1170,2000,1
1490,1995,1
483,1786,1
1141,1910,1
418,1774,2
679,1823,1
1304,1951,1
90,1746,1
178,1752,1
1667,2016,1
773,1839,2
628,1810,1
563,1802,1
563,1958,1
1463,1990,1
401,1774,1
165,1751,1
165,1955,1
792,1847,1
1689,2024,1
1087,1898,1
91,1746,1
1431,1980,1
133,1748,1
133,1774,1
71,1743,1
1564,2002,1
351,1770,1
361,1772,1
671,1820,1
1325,1957,1
568,1803,1
149,1749,1
149,1785,1
1540,2000,1
1171,1919,1
1171,2000,1
1168,1917,1
493,1788,1
1028,1892,1
251,1760,1
914,1865,1
426,1776,1
821,1850,1
960,1869,1
1167,1917,1
249,1760,1
250,1760,1
288,1760,1
414,1774,1
310,1760,1
487,1786,1
991,1879,1
1320,1955,1
1517,1995,1
801,1849,1
1349,1958,1
843,1853,1
1579,2002,1
1280,1946,1
621,1808,1
1686,2024,1
1382,1964,1
1215,1932,1
1215,1936,1
1215,2002,1
51,1740,1
931,1867,1
845,1853,1
446,1777,1
511,1789,1
511,1995,1
1704,2027,1
116,1748,1
836,1853,1
1621,2002,1
393,1774,1
393,1950,1
1125,1903,1
1311,1952,1
1594,2002,1
661,1817,1
623,1809,1
768,1837,1
1082,1898,1
1519,1995,1
1499,1995,1
1595,2002,1
1722,2032,1
760,1836,1
1036,1893,1
1530,1997,1
890,1860,1
890,1861,1
417,1774,2
1679,2022,1
1516,1995,1
833,1852,1
986,1877,1
1518,1995,1
427,1776,1
196,1753,1
1278,1946,1
65,1919,1
65,1742,1
1088,1898,1
840,1853,1
674,1821,1
59,1742,1
735,1826,1
428,1776,1
1604,2002,1
650,1887,1
650,1816,1
1709,2029,1
1609,2002,1
765,1837,1
644,1815,1
578,1803,1
1314,1952,1
920,1867,1
67,1919,1
67,1742,1
599,1803,1
1726,2035,1
1418,1979,1
209,1755,1
1692,2024,1
410,1774,1
603,1803,1
1017,1886,1
935,1867,1
1610,2002,1
153,1749,1
186,1753,1
186,2029,1
186,1956,1
186,2002,1
911,1864,1
1302,1950,1
104,1747,1
594,1803,1
367,1774,1
367,2000,1
910,1864,1
809,1849,1
1277,1946,1
1372,1960,1
1030,1892,1
1289,1947,1
494,1788,1
407,1774,1
1101,1898,1
1547,2000,1
730,1826,1
203,1754,1
1492,1995,1
850,1853,1
419,1774,2
298,1760,1
1599,2002,1
1015,1886,1
703,1826,1
1270,1945,1
1081,1898,1
1690,2024,3
1209,1932,1
388,1774,1
1488,1995,1
32,1738,1
1500,1995,1
322,1761,1
242,1760,1
938,1867,1
1275,1946,1
1657,2010,1
1090,1898,1
1501,1995,1
1461,1989,1
232,1760,1
16,1735,1
1110,1900,1
1592,2002,1
295,1760,1
1589,2002,1
37,1738,1
1222,1934,1
243,1760,1
1089,1898,1
701,1827,1
447,1777,1
659,1817,1
185,1753,1
121,1748,1
1422,1979,1
1412,1978,1
222,1758,1
1248,1941,1
1485,1994,1
1421,1979,1
86,1745,1
1664,2014,1
379,1774,1
1646,2007,1
1052,1898,1
35,1738,1
549,1798,1
212,1755,1
171,1751,1
1720,2032,2
808,1849,1
226,1759,1
1386,1964,1
1378,1962,1
868,1854,1
199,1753,1
136,1827,1
136,2011,1
136,1749,1
136,1801,1
306,1760,1
285,1760,1
727,1826,1
82,1744,1
25,1736,1
651,1887,1
651,1816,1
651,1867,1
1381,1992,1
1381,1963,1
533,1793,1
822,1850,1
557,1801,1
1319,1954,1
1227,1936,1
1706,2028,1
99,1747,1
99,1803,1
906,1864,1
802,1849,1
1413,1978,1
1353,1958,1
1336,1958,1
1618,2002,1
128,1748,1
128,1918,1
128,1927,1
547,1797,1
1343,1958,1
1328,1958,1
534,1793,1
534,1992,1
534,1963,1
284,1760,1
1172,1919,1
177,1752,1
1239,1940,1
1571,2002,1
1211,1932,1
1211,2002,1
1042,1895,1
683,1824,1
673,1820,1
1585,2002,1
286,1760,1
713,1826,1
215,1756,1
559,1801,1
979,1872,1
84,1744,1
766,1837,1
296,1760,1
1715,2030,1
1217,1932,1
1295,1949,1
448,1777,1
69,1743,1
700,1826,1
612,1806,1
449,1777,1
1693,2024,1
1647,2007,1
692,1826,1
141,1749,1
762,1837,1
567,1803,1
796,1847,1
1229,1937,1
964,1870,1
1539,1999,1
1236,1938,1
450,1777,1
577,1803,1
715,1826,1
715,1919,1
929,1867,1
721,1827,1
904,1863,1
1528,1996,1
1525,1996,1
1331,1958,1
872,1856,1
1680,2022,1
912,1864,1
339,1765,1
1035,1893,1
898,1861,1
1468,1990,1
118,1748,1
118,1864,1
1401,1974,1
740,1828,1
74,1743,1
1479,1992,1
140,1749,1
1298,1949,1
1246,1941,1
1192,1923,1
564,1802,1
564,1958,1
731,1826,1
1010,1884,1
763,1837,1
371,1774,1
1389,1965,1
1630,2004,1
1416,1979,1
174,1907,1
174,1751,1
174,1952,1
174,2002,1
174,1867,1
1511,1995,1
852,1854,1
1654,2010,1
1191,1923,1
375,1774,1
1543,2000,1
1200,1928,1
152,1749,1
791,1847,1
272,1760,1
1104,1899,1
581,1803,1
376,1774,1
101,1747,1
957,1867,1
338,1765,1
664,1818,1
710,1827,1
710,1826,1
514,1790,1
849,1853,1
1584,2002,1
1561,2002,1
8,1733,1
633,1812,1
1138,1908,1
157,1750,1
1309,1952,1
313,1760,1
803,1849,1
859,1854,1
1156,1915,1
1566,2002,1
344,1767,1
1611,2002,1
451,1777,1
834,1852,1
1065,1898,1
806,1849,1
1342,1958,1
452,1777,1
60,1742,1
1394,1969,1
45,1739,1
933,1867,1
1005,1880,1
1434,1980,1
1533,1997,1
551,1799,1
1590,2002,1
204,1754,1
1225,1935,1
422,1775,1
968,1871,1
205,1754,1
778,1839,1
130,1748,1
130,1774,1
1574,2002,1
1285,1946,1
1043,1895,1
1702,2026,1
474,1784,1
1603,2002,1
224,1759,1
627,1810,1
804,1849,1
883,1860,1
354,1770,1
1098,1898,1
759,1836,1
93,1747,1
342,1766,1
1292,1948,1
211,1755,1
794,1847,1
961,1869,1
221,1758,1
1044,1895,1
1410,1977,1
1616,2002,1
1451,1985,1
595,1803,1
1129,1904,1
823,1850,1
955,1867,1
374,1774,1
1541,2000,1
279,1760,1
383,1774,1
1526,1996,1
131,1748,1
131,1774,1
924,1867,1
558,1801,1
1184,1919,1
570,1803,1
590,1804,1
188,1753,1
1300,1949,1
1669,2017,1
1403,1974,1
580,1803,1
942,1888,1
942,1867,1
323,1761,1
838,1853,1
672,1820,1
1324,2030,1
1324,1956,1
686,1825,1
1259,1945,1
988,1878,1
694,1826,1
161,1750,1
1181,1919,1
206,1754,1
218,1757,1
1586,2002,1
1091,1898,1
1218,1933,1
1218,1970,1
496,1788,1
1629,2004,1
1648,2007,1
192,1753,1
214,1756,1
110,1880,1
110,1748,1
453,1777,1
1243,1941,1
1506,1995,1
1228,1936,1
1228,1947,1
982,1874,1
403,1774,1
189,1753,1
1055,1898,1
1041,1895,1
1346,1958,1
1544,2000,1
1102,1898,1
785,1842,1
1272,1945,1
1572,2002,1
975,1872,1
1375,1961,1
1020,1887,1
197,1753,1
895,1905,1
895,1861,1
454,1777,1
421,1775,1
1697,2019,1
504,2022,1
504,1788,1
1385,1964,1
87,1745,1
87,1826,1
899,1861,1
1635,2004,1
145,1749,1
1161,1915,1
973,1872,1
764,1837,1
779,1839,1
370,1774,1
1029,1892,1
1357,1958,1
1357,2004,1
1122,1903,1
1435,1980,1
1220,1933,1
655,1816,1
1470,1991,1
1367,1959,1
372,1774,1
106,1748,1
748,1832,1
500,1788,1
1484,1994,1
334,1763,1
755,1836,1
62,1742,1
98,1747,1
481,1786,1
1219,1933,1
1219,1970,1
1432,1980,1
455,1777,1
1092,1898,1
1178,1919,1
1366,1959,1
572,1803,1
540,1793,1
1038,1894,1
1038,1964,1
687,1825,1
927,1867,1
835,1853,1
107,2024,1
107,1748,1
107,1872,1
107,1958,1
970,1872,1
922,1867,1
456,1777,1
596,1803,1
120,1748,1
691,1826,1
457,1777,2
1362,1958,1
402,1938,1
402,1874,1
402,1774,1
402,1854,1
228,1760,1
635,1812,1
1109,1900,1
528,1792,1
154,1749,1
1436,1980,1
462,1779,1
889,1903,1
889,1860,1
532,1793,1
532,1992,1
532,1963,1
1050,1897,1
1419,1979,1
167,1751,1
167,1953,1
857,1854,1
18,1735,1
1079,1898,1
14,1735,1
1444,1982,1
1001,1880,1
1361,1958,1
1340,1958,1
992,1879,1
1313,2029,1
1313,1952,1
1691,2024,1
617,1807,1
20,1735,1
1121,1903,1
608,1803,1
364,1774,1
1247,1941,1
1158,1915,1
524,1790,1
1296,1949,1
824,1850,1
46,1739,1
867,1854,1
33,1891,1
33,1738,2
33,1854,1
516,1790,1
488,1786,1
814,1850,1
49,1740,1
29,1737,1
751,1833,1
826,1850,1
1405,1975,1
1105,1899,1
54,1741,1
704,1826,1
544,1796,1
716,1827,1
716,1826,1
716,1919,1
261,1760,1
1257,1943,1
1249,1941,1
469,1782,1
1351,1958,1
825,1850,1
1438,1981,1
1640,2005,1
921,1867,1
142,1749,1
423,1775,1
182,1753,1
1308,2029,1
1308,1952,1
102,1747,1
238,1760,1
967,1871,1
512,1789,1
512,1995,1
245,1760,1
245,1761,1
535,1793,1
1481,1993,1
860,1854,1
1675,2020,1
1415,1979,1
225,1759,1
1115,1901,1
706,1826,1
616,1807,1
1338,1958,1
1338,1964,1
1631,2004,1
291,1760,1
827,1850,1
1074,1898,1
1718,2032,1
828,1850,1
1568,2002,1
458,1777,1
842,1853,1
728,1827,1
521,1790,1
412,1830,1
412,1774,1
270,1760,1
575,1803,1
847,1853,1
1255,1942,1
1127,1903,1
1116,1901,1
1312,1952,1
38,1738,1
997,1879,1
597,1803,1
190,1753,1
431,1777,2
928,1867,1
1094,1898,1
1093,1898,1
647,1816,1
609,1803,1
1420,1979,1
1556,2000,1
1724,2033,1
998,1879,1
1379,1962,1
769,1837,1
1154,1915,1
269,1760,1
1011,1884,1
248,1760,1
1625,2003,1
1563,2002,1
1532,1997,1
1542,2000,2
1619,2002,1
1384,1964,1
869,1854,1
1058,1898,1
1408,1976,1
1268,1945,1
138,1749,1
820,1850,1
1607,2002,1
385,1827,1
385,1774,1
385,1957,1
515,1790,1
1072,1898,1
1493,1995,1
780,1839,1
394,1774,1
357,1771,1
486,1786,1
1370,1960,1
476,2000,1
476,1785,1
944,1867,1
144,1749,1
1045,1895,1
884,1860,1
1373,1960,1
1147,1913,1
738,1828,1
805,1849,1
897,1861,1
775,1839,1
1114,1901,1
1650,2008,1
1120,1903,1
1620,2002,1
1727,2035,1
1332,1958,1
719,1826,1
1527,1996,1
1214,1932,1
1214,2002,1
281,1760,1
337,1765,1
1550,2000,1
1355,1958,1
1307,2029,1
1307,1952,1
1293,1948,1
1002,1880,1
848,1853,1
348,1768,1
1483,1994,1
1446,1983,1
1004,1880,1
999,1879,1
155,1749,1
1456,1988,1
237,1760,1
266,1760,1
907,1864,1
1095,1898,1
506,2022,1
506,1788,1
176,1752,1
1134,1905,1
1134,1919,1
976,1872,1
593,1804,1
1729,1804,1
1230,1937,1
148,1749,1
148,1785,1
545,1797,1
989,1879,1
1007,1882,1
50,1740,1
1157,1915,1
42,1739,1
89,1746,1
1323,1956,1
271,1760,1
187,1753,1
113,1748,1
1188,1922,1
717,1826,1
658,1817,1
471,1784,1
213,1756,1
1210,1932,1
132,1748,1
132,1774,1
208,1755,1
1515,1995,1
527,1792,1
52,1741,1
47,1740,1
781,1840,1
877,1858,1
993,1879,1
993,1898,1
1508,1995,1
948,2002,1
948,1867,1
1148,1914,1
1614,2002,1
1578,2002,2
420,1775,1
1716,2031,1
1146,1913,1
1636,2004,1
1199,1928,1
871,1856,1
389,1774,1
1240,1940,1
622,1809,1
499,1788,1
1471,1991,1
68,1743,1
1047,1896,1
1457,1989,1
1008,1883,1
1198,1926,1
119,1748,1
941,1867,1
905,1864,1
1713,2030,1
586,1804,1
767,1837,1
1273,1946,1
1049,1897,1
411,1830,1
411,1774,1
531,1793,1
697,1826,1
1256,1943,1
913,1865,1
316,1760,1
908,1864,1
1414,1979,1
331,1762,1
373,1774,1
1392,1967,1
377,1774,1
1164,1917,1
662,1818,1
723,1826,1
1301,1950,1
1687,2024,1
923,1867,1
606,1803,1
862,1854,1
837,1853,1
1009,1884,1
129,1748,1
129,1996,1
1099,1898,1
1245,1941,1
1560,2002,1
1128,1904,1
1021,1888,1
1021,1933,1
736,1906,1
736,1827,1
736,1957,1
1469,1991,1
122,1821,1
122,1748,1
1238,1940,1
1177,1919,1
175,1827,1
175,1752,1
175,1958,1
175,2002,1
175,1964,1
1448,1985,1
216,1757,1
1399,1974,1
510,1789,1
510,1995,1
12,1735,1
774,1839,1
183,1753,1
1700,2026,1
280,1760,1
318,1760,1
30,1737,1
1520,1995,1
195,1753,1
1510,1995,1
1073,1898,1
1077,1898,1
1559,2001,1
770,1838,1
724,1826,1
513,1790,1
304,1760,1
1203,1930,1
1242,1941,1
959,1869,1
39,1738,1
39,1774,1
1290,1948,1
771,1839,2
1535,1998,1
329,1762,1
1233,1938,1
560,1802,1
972,1872,1
1665,2015,1
349,1769,1
1303,1951,1
1641,2006,1
886,1860,1
1269,2024,1
1269,1945,1
1269,1946,1
241,1760,1
227,1760,1
971,1872,1
163,1751,1
163,1953,1
163,1955,1
163,2033,2
1624,2003,1
1496,1995,1
1159,1915,1
1190,1923,1
262,1760,1
953,1867,1
179,1753,1
1037,1894,1
830,1852,1
638,1814,1
1318,1954,1
1409,1977,1
1254,1942,1
56,1742,1
958,1868,1
470,1783,1
1565,2002,1
1096,1898,1
1352,1958,1
475,1785,1
15,1735,1
729,1826,1
741,1828,1
1644,2007,1
624,1809,1
1258,1945,1
548,1798,1
10,1885,1
10,1734,1
1524,1995,1
610,1805,1
1023,1889,1
675,1821,1
1374,1961,1
21,1735,1
1013,1886,1
571,1945,1
571,1803,1
1235,1938,1
758,1836,1
1596,2002,1
1310,1952,1
1397,1973,1
1206,1932,1
951,1867,1
309,1760,1
678,1823,1
1377,1962,1
632,1812,1
891,1919,1
891,1861,1
987,1878,1
473,1784,1
290,1760,1
404,1774,1
404,1923,1
1051,1898,1
1489,1995,1
425,1776,1
127,1748,1
1019,1887,1
903,1863,1
752,1834,1
1193,1923,1
1111,1900,1
341,1766,1
1504,1995,1
1187,1921,1
684,1825,1
1221,1934,1
405,1774,1
1536,1999,1
536,1793,1
1393,1969,1
172,1751,1
761,1837,1
1056,1898,1
1143,1911,1
1069,1898,1
1602,2002,1
257,1760,1
1224,1935,1
576,1803,1
541,1794,1
966,1871,1
978,1872,1
103,1747,1
1387,1965,1
490,1787,1
31,1738,1
1176,1919,1
1411,1978,1
981,1874,1
1237,1939,1
1237,1944,1
1163,1916,1
143,1749,1
143,1898,1
1031,1893,1
1137,1908,1
5,1733,1
1383,1964,1
480,1786,1
1442,1982,1
1721,2032,1
350,1770,1
611,1806,1
1725,2035,1
630,1811,1
137,1749,1
1696,2019,1
346,1768,1
1455,1988,1
579,1803,1
893,1861,1
1368,1960,1
1263,1945,1
746,1972,1
746,1860,1
746,1861,1
746,1831,1
363,1774,1
356,1771,1
1633,2004,1
1652,2010,1
1509,1995,1
247,1760,1
335,1764,1
900,2009,1
900,1861,1
1628,2004,1
1396,1971,1
255,1760,1
1123,1903,1
753,1835,1
753,1968,1
618,1808,1
459,1778,1
115,1748,1
695,1827,1
550,1799,1
786,1843,1
200,1754,1
1144,1912,1
63,1760,1
63,1742,1
236,1760,1
990,1879,1
1294,1949,1
789,1846,1
253,1760,1
198,1753,1
1365,1959,1
358,1772,1
17,1735,1
1623,2002,1
1466,1990,1
1445,1983,1
1502,1995,1
539,1793,1
58,1742,1
492,1788,1
1196,1924,1
1345,1958,1
336,1765,1
463,1780,1
747,1832,1
1356,1958,1
1107,1900,1
1593,2002,1
569,1803,1
744,1830,1
498,1788,1
565,1803,1
1205,1931,1
1133,1905,1
97,1747,1
97,1803,1
634,1812,1
23,1736,1
1119,1903,1
798,1849,1
1339,1958,1
636,1813,1
1018,1887,1
901,1862,1
299,1760,1
366,1774,1
366,2000,1
1705,2028,1
254,1760,1
1710,2030,1
391,1774,1
776,1839,1
937,1867,1
1226,1936,1
1703,2027,1
297,1760,1
934,2034,1
934,1867,1
882,1860,1
1676,2021,1
1452,1987,1
223,1759,1
314,1760,1
680,1824,1
861,1854,2
985,1877,1
656,1816,1
1514,1995,1
461,1779,1
320,1761,1
134,2011,1
134,1749,1
134,1801,1
777,1839,1
1142,1911,1
1663,2014,1
1670,2018,1
1363,1958,1
688,1825,1
1006,1881,1
1117,1902,1
1447,1984,1
1139,1909,1
1717,2032,1
1135,1907,1
1135,1952,1
397,1774,1
846,1853,1
1553,2000,1
325,1761,1
27,1736,1
983,1875,1
734,1826,1
709,1826,1
797,1848,1
613,1827,1
613,1807,1
1140,1910,1
381,1774,1
926,1867,1
1685,2024,1
853,1854,1
645,1816,1
1688,2024,2
239,1760,1
851,1854,1
1327,1958,1
1327,2002,1
156,1750,1
980,1873,1
1682,2023,1
556,1801,1
1024,1890,1
273,1760,1
878,1858,1
1694,2024,1
896,1861,1
413,1774,1
4,1732,1
519,1790,1
61,1742,1
722,1827,1
219,1758,1
665,1819,1
75,1744,1
75,2004,1
1,1730,1
643,1815,1
1197,1925,1
1545,2000,1
737,1828,1
737,1853,1
1437,1981,1
790,1847,1
343,1767,1
415,1903,1
415,1774,2
542,1795,1
1306,2029,1
1306,1952,2
984,1923,1
984,1876,1
1194,1923,1
1473,1991,1
856,1854,1
1169,1918,1
1169,1927,1
1475,1992,1
1406,1976,1
85,1745,1
1173,1919,1
714,1826,1
1546,2000,1
1150,1915,1
562,1802,1
562,1958,1
1660,2012,1
1027,1892,1
537,1793,1
1267,1945,1
3,1731,1
1476,1992,1
1626,2004,1
787,1844,1
353,1770,1
529,1793,1
873,1856,1
1284,1946,1
974,1872,1
742,1828,1
1234,1938,1
756,1836,1
92,1747,1
92,1803,1
712,1932,1
712,1936,1
712,1826,1
712,2002,1
1651,2009,1
328,1760,1
543,1937,1
543,1796,1
543,1958,1
743,1829,1
552,1800,1
1608,2002,1
398,1774,1
28,1737,1
1695,2025,1
885,1860,1
530,1793,1
1287,1947,1
626,1810,1
641,1815,1
865,1854,1
460,1778,1
956,1867,1
879,1858,1
918,1867,1
1195,1923,1
648,1816,1
648,1867,1
1674,2020,1
64,1919,1
64,1742,1
64,2000,2
1186,1920,1
829,1851,1
312,1760,1
1591,2002,1
1395,1970,1
1333,1958,1
1330,1958,1
1588,2002,1
894,1861,1
1606,2002,1
936,1867,1
1130,1905,1
40,1738,1
969,1872,1
1658,2011,1
1388,1965,1
287,1760,1
538,1793,1
1708,2029,1
1529,1997,1
841,1853,1
1487,1995,1
620,1808,1
600,1803,1
105,1748,1
876,1857,1
1622,2002,1
1201,1928,1
80,1880,2
80,1744,1
80,1952,1
916,1867,1
429,1777,1
720,1827,1
783,1842,1
1649,2008,1
1180,1919,1
615,1807,1
1103,1899,1
880,1859,1
1326,1958,1
652,1816,1
386,1774,1
502,2022,1
502,1788,1
1321,1955,1
265,1760,1
1575,2002,1
168,1751,1
667,1820,1
693,1826,1
1462,1990,1
1462,2000,1
478,1785,1
1075,1898,1
1712,2030,1
1655,2010,1
1554,2000,2
1478,1992,1
1668,2017,1
1202,1929,1
949,1867,1
1359,1958,1
1359,2002,1
1439,1982,1
915,1866,1
466,1781,1
1113,1901,1
788,1845,1
812,1850,1
1380,1963,1
384,1774,1
384,1954,1
732,1826,1
1480,1993,1
807,1849,1
930,1867,1
467,1782,1
1424,1980,1
962,1870,1
870,1855,1
1465,1990,1
1719,2032,1
151,1749,1
525,1791,1
525,1986,1
525,1826,1
525,1955,1
689,1932,1
689,1826,1
689,2000,2
749,1832,1
1582,2002,1
1661,2013,1
293,1760,1
1404,1975,1
584,1804,1
1482,1994,1
947,1867,1
754,1836,1
362,1773,1
750,1833,1
1126,1903,1
591,1804,2
7,1733,1
977,1872,1
702,1826,1
368,1774,1
844,1853,1
34,1738,1
229,1760,1
507,1935,1
507,1788,1
1638,2005,1
1666,2016,1
259,1760,1
1390,1966,1
1026,1891,1
332,1763,1
268,1760,1
1460,1989,1
1179,1946,1
1179,1919,1
1179,2000,2
582,1803,1
278,1760,1
408,1774,1
1153,1915,1
677,1822,1
1039,1895,1
782,1841,1
1672,2019,1
275,1760,1
