to,from
1,1
1,2
2,3
3,4
4,5
4,6
5,7
5,8
5,9
6,10
6,11
6,11
6,11
6,11
7,12
7,13
7,14
8,15
8,16
9,17
9,18
9,19
9,20
10,21
10,22
11,23
11,23
11,23
11,23
11,24
11,24
11,24
11,24
11,25
11,25
11,25
11,25
11,26
12,27
13,28
13,29
14,30
15,31
15,32
15,33
16,34
16,35
16,36
16,37
16,38
17,39
17,33
18,40
18,41
19,42
19,43
19,44
19,45
19,46
20,47
20,48
20,49
21,50
21,51
22,52
22,53
22,54
22,55
23,56
23,57
24,58
24,59
24,60
25,61
25,62
26,63
27,64
27,65
27,66
27,67
27,67
27,67
27,67
28,68
28,69
28,70
28,71
28,72
28,73
28,74
29,75
29,76
29,77
29,77
29,77
29,77
29,78
29,79
29,79
29,79
29,79
30,80
30,81
30,81
30,81
30,81
30,81
30,81
30,81
30,81
30,81
30,81
30,81
30,81
30,81
30,81
30,81
30,81
30,82
30,83
30,84
31,85
31,85
31,85
31,85
31,85
31,85
31,85
31,85
31,85
31,86
31,87
31,87
31,87
31,87
31,88
32,89
32,90
32,91
33,92
33,93
33,94
33,95
33,96
34,97
34,98
34,99
34,100
34,101
34,102
35,103
35,104
36,105
36,106
36,80
36,107
36,108
36,108
36,108
36,108
36,109
36,109
36,109
36,109
36,110
36,111
37,112
37,113
38,114
38,115
38,115
38,115
38,115
38,116
38,117
38,117
38,117
38,117
38,117
38,117
38,117
38,117
38,117
38,117
38,117
38,117
38,117
38,117
38,117
38,117
39,118
39,119
39,120
40,121
40,122
40,123
40,124
40,125
41,126
41,127
42,128
42,128
42,128
42,128
42,128
42,128
42,128
42,128
42,128
42,129
42,129
42,129
42,129
42,130
43,131
43,132
43,132
43,132
43,132
44,133
44,133
44,133
44,133
44,133
44,133
44,133
44,133
44,133
44,133
44,133
44,133
44,133
44,133
44,133
44,133
44,134
44,134
44,134
44,134
44,134
44,134
44,134
44,134
44,134
44,134
44,134
44,134
44,134
44,134
44,134
44,134
44,134
44,134
44,134
44,134
44,134
44,134
44,134
44,134
44,134
44,134
44,134
44,134
44,134
44,134
44,134
44,134
44,134
44,134
44,134
44,134
44,134
44,134
44,134
44,134
44,134
44,134
44,134
44,134
44,134
44,134
44,134
44,134
44,134
44,134
44,134
44,134
44,134
44,134
44,134
44,134
44,134
44,134
44,134
44,134
44,134
44,134
44,134
44,134
44,134
44,134
44,134
44,134
44,134
44,134
44,134
44,134
44,134
44,134
44,134
44,134
44,134
44,134
44,134
44,134
44,134
44,135
45,136
45,137
45,138
45,139
45,140
45,141
46,142
46,143
46,144
46,145
46,146
47,147
47,148
47,148
47,148
47,148
47,149
48,150
48,151
48,152
48,153
48,154
49,155
49,156
49,157
49,158
49,159
49,160
49,161
50,162
50,163
50,164
50,165
50,166
50,166
50,166
50,166
51,167
51,168
51,168
51,168
51,168
51,168
51,168
51,168
51,168
51,168
51,169
51,169
51,169
51,169
51,170
52,171
52,172
52,173
52,173
52,173
52,173
52,173
52,173
52,173
52,173
52,173
52,173
52,173
52,173
52,173
52,173
52,173
52,173
52,173
52,173
52,173
52,173
52,173
52,173
52,173
52,173
52,173
53,134
53,134
53,134
53,134
53,134
53,134
53,134
53,134
53,134
53,134
53,134
53,134
53,134
53,134
53,134
53,134
53,134
53,134
53,134
53,134
53,134
53,134
53,134
53,134
53,134
53,134
53,134
53,134
53,134
53,134
53,134
53,134
53,134
53,134
53,134
53,134
53,134
53,134
53,134
53,134
53,134
53,134
53,134
53,134
53,134
53,134
53,134
53,134
53,134
53,134
53,134
53,134
53,134
53,134
53,134
53,134
53,134
53,134
53,134
53,134
53,134
53,134
53,134
53,134
53,134
53,134
53,134
53,134
53,134
53,134
53,134
53,134
53,134
53,134
53,134
53,134
53,134
53,134
53,134
53,134
53,134
53,174
53,175
53,176
54,177
54,178
54,179
54,180
55,181
55,182
55,183
55,184
55,184
55,184
55,184
55,184
55,184
55,184
55,184
55,184
55,184
55,184
55,184
55,184
55,184
55,184
55,184
55,184
55,184
55,184
55,184
55,184
55,184
55,184
55,184
55,184
56,185
56,186
56,187
56,188
56,189
56,190
56,191
56,192
57,193
57,194
57,195
58,196
58,197
59,198
59,199
59,200
59,201
59,202
59,203
59,204
59,205
60,206
60,207
60,208
60,209
60,210
61,211
61,212
61,213
62,214
62,215
62,216
63,217
63,218
63,219
63,220
64,221
64,222
64,223
64,224
65,225
65,226
66,227
66,228
66,229
66,230
66,231
66,232
66,233
67,234
67,235
67,236
68,237
68,238
69,239
69,239
69,239
69,239
69,240
69,241
69,242
69,243
69,244
70,245
70,246
70,247
70,248
70,249
70,250
71,251
72,252
73,253
73,254
74,255
74,256
75,257
75,258
75,259
76,260
76,261
76,262
77,263
77,264
77,265
78,266
78,267
78,268
79,269
79,270
80,271
80,272
81,273
81,274
81,275
82,276
82,277
82,277
82,277
82,277
83,278
83,279
83,280
83,281
83,282
83,283
83,284
84,285
84,286
84,287
85,288
85,289
85,290
86,291
86,292
86,293
86,294
87,295
87,296
88,297
88,298
88,299
88,300
88,301
89,302
89,303
89,304
89,304
89,304
89,304
89,305
89,305
89,305
89,305
89,306
90,307
90,63
90,308
90,308
90,308
90,308
91,309
91,310
92,311
92,312
93,313
94,63
94,314
94,308
94,308
94,308
94,308
95,315
95,316
96,241
96,242
96,239
96,239
96,239
96,239
96,317
96,317
96,317
96,317
96,243
96,318
96,319
97,304
97,304
97,304
97,304
97,302
97,306
97,303
97,305
97,305
97,305
97,305
97,320
98,277
98,277
98,277
98,277
99,321
99,322
100,323
101,324
101,325
101,326
101,326
101,326
101,326
102,327
103,328
103,329
103,330
103,331
103,332
104,333
104,334
105,335
105,336
105,337
106,338
106,339
106,340
107,341
108,342
108,343
108,344
109,345
109,345
109,345
109,345
109,346
109,347
110,348
110,349
111,350
111,351
111,352
111,353
112,354
113,355
113,356
113,357
114,358
114,358
114,358
114,358
114,358
114,358
114,358
114,358
114,358
114,359
115,360
115,361
115,362
115,363
115,364
116,365
116,366
116,367
116,368
117,369
117,370
117,371
117,372
118,373
118,374
118,375
119,376
119,377
120,378
120,379
120,380
121,381
121,382
122,383
122,383
122,383
122,383
122,384
122,385
122,385
122,385
122,385
122,386
122,387
122,388
123,389
124,390
124,391
124,392
124,392
124,392
124,392
125,131
125,132
125,132
125,132
125,132
126,39
126,393
126,394
126,394
126,394
126,394
126,394
126,394
126,394
126,394
126,394
126,394
126,394
126,394
126,394
126,394
126,394
126,394
126,395
127,396
128,397
128,398
128,399
129,400
129,129
129,129
129,129
129,129
129,128
129,128
129,128
129,128
129,128
129,128
129,128
129,128
129,128
129,358
129,358
129,358
129,358
129,358
129,358
129,358
129,358
129,358
129,130
130,401
130,401
130,401
130,401
130,402
130,402
130,402
130,402
131,403
131,404
131,404
131,404
131,404
131,404
131,404
131,404
131,404
131,404
131,404
131,404
131,404
131,404
131,404
131,404
131,404
132,405
132,406
132,407
132,407
132,407
132,407
132,408
132,408
132,408
132,408
132,409
132,409
132,409
132,409
133,405
133,406
133,407
133,407
133,407
133,407
133,408
133,408
133,408
133,408
133,409
133,409
133,409
133,409
134,410
134,411
134,412
134,413
134,414
135,415
135,416
135,417
135,418
136,419
136,420
136,420
136,420
136,420
136,421
136,420
136,420
136,420
136,420
136,422
136,423
136,424
136,425
136,426
136,427
136,428
136,429
136,430
136,431
136,432
136,433
136,434
136,435
136,436
136,437
136,438
136,439
136,440
136,441
136,442
136,443
136,444
136,445
136,419
136,446
136,447
136,421
136,446
137,448
138,449
139,450
139,451
140,452
140,453
140,454
141,455
142,456
142,457
142,458
143,459
144,460
144,461
145,462
145,463
146,464
146,465
147,147
147,148
147,148
147,148
147,148
147,466
148,467
148,468
149,469
149,470
149,471
149,472
149,473
149,474
149,475
149,476
149,477
149,478
150,479
150,480
151,481
151,482
151,483
151,484
151,485
151,486
152,487
153,488
153,489
153,490
154,491
154,491
154,491
154,491
154,492
154,493
154,493
154,493
154,493
154,494
154,495
154,495
154,495
154,495
155,496
155,496
155,496
155,496
155,497
155,498
156,499
156,499
156,499
156,499
156,500
156,500
156,500
156,500
156,501
156,501
156,501
156,501
157,320
157,502
157,503
157,504
157,505
157,506
158,507
158,508
158,509
158,510
158,511
158,512
159,513
159,513
159,513
159,513
159,513
159,513
159,513
159,513
159,513
159,513
159,513
159,513
159,513
159,513
159,513
159,513
159,513
159,513
159,513
159,513
159,513
159,513
159,513
159,513
159,513
159,514
160,515
160,516
161,517
162,518
163,519
163,520
163,520
163,520
163,520
163,520
163,520
163,520
163,520
163,520
163,521
163,522
163,522
163,522
163,522
163,522
163,522
163,522
163,522
163,522
163,523
163,523
163,523
163,523
164,524
165,525
166,526
167,527
167,528
168,529
169,530
170,531
170,532
171,533
171,534
171,535
172,536
172,537
173,538
173,539
174,540
174,541
174,542
174,543
175,544
175,545
175,546
176,133
176,133
176,133
176,133
176,133
176,133
176,133
176,133
176,133
176,133
176,133
176,133
176,133
176,133
176,133
176,133
176,134
176,134
176,134
176,134
176,134
176,134
176,134
176,134
176,134
176,134
176,134
176,134
176,134
176,134
176,134
176,134
176,134
176,134
176,134
176,134
176,134
176,134
176,134
176,134
176,134
176,134
176,134
176,134
176,134
176,134
176,134
176,134
176,134
176,134
176,134
176,134
176,134
176,134
176,134
176,134
176,134
176,134
176,134
176,134
176,134
176,134
176,134
176,134
176,134
176,134
176,134
176,134
176,134
176,134
176,134
176,134
176,134
176,134
176,134
176,134
176,134
176,134
176,134
176,134
176,134
176,134
176,134
176,134
176,134
176,134
176,134
176,134
176,134
176,134
176,134
176,134
176,134
176,134
176,134
176,134
176,134
176,547
176,135
177,548
177,549
178,156
178,550
178,551
178,551
178,551
178,551
179,552
179,553
179,554
179,555
180,556
180,557
181,558
181,559
181,559
181,559
181,559
181,560
181,560
181,560
181,560
181,561
181,562
182,563
182,564
182,565
183,566
183,567
183,568
184,569
184,570
185,571
185,572
186,573
186,574
186,575
186,576
186,577
187,578
187,579
187,580
188,92
188,581
188,582
189,97
189,99
189,583
189,584
189,585
189,586
190,559
190,559
190,559
190,559
190,558
190,587
190,588
190,589
190,590
191,591
191,592
191,593
191,594
192,595
193,596
193,597
194,598
194,599
195,600
195,601
195,602
196,603
196,604
197,605
197,606
198,607
198,608
199,609
199,610
200,611
200,612
200,613
200,614
201,615
201,616
202,617
202,618
203,619
203,620
204,621
204,622
205,623
205,624
205,625
206,626
206,627
207,628
207,629
208,630
208,631
208,631
208,631
208,631
208,632
209,633
209,633
209,633
209,633
209,633
209,633
209,633
209,633
209,633
209,634
209,634
209,634
209,634
209,635
209,635
209,635
209,635
209,636
210,637
210,638
210,639
210,640
211,641
211,642
212,643
212,644
212,645
212,646
213,647
213,647
213,647
213,647
213,647
213,647
213,647
213,647
213,647
213,648
213,648
213,648
213,648
213,648
213,648
213,648
213,648
213,648
213,649
214,650
214,651
215,652
215,653
215,654
215,655
215,656
215,657
215,658
216,121
216,659
217,660
217,661
217,661
217,661
217,661
218,662
219,663
219,664
220,665
220,666
220,667
220,668
221,669
221,670
221,671
221,672
222,673
223,674
223,674
223,674
223,674
223,674
223,674
223,674
223,674
223,674
223,674
223,674
223,674
223,674
223,674
223,674
223,674
223,674
223,674
223,674
223,674
223,674
223,674
223,674
223,674
223,674
223,675
223,676
223,677
224,678
224,679
225,680
225,680
225,680
225,680
225,681
226,682
226,683
226,162
226,684
227,134
227,134
227,134
227,134
227,134
227,134
227,134
227,134
227,134
227,134
227,134
227,134
227,134
227,134
227,134
227,134
227,134
227,134
227,134
227,134
227,134
227,134
227,134
227,134
227,134
227,134
227,134
227,134
227,134
227,134
227,134
227,134
227,134
227,134
227,134
227,134
227,134
227,134
227,134
227,134
227,134
227,134
227,134
227,134
227,134
227,134
227,134
227,134
227,134
227,134
227,134
227,134
227,134
227,134
227,134
227,134
227,134
227,134
227,134
227,134
227,134
227,134
227,134
227,134
227,134
227,134
227,134
227,134
227,134
227,134
227,134
227,134
227,134
227,134
227,134
227,134
227,134
227,134
227,134
227,134
227,134
227,133
227,133
227,133
227,133
227,133
227,133
227,133
227,133
227,133
227,133
227,133
227,133
227,133
227,133
227,133
227,133
227,135
228,685
228,686
228,687
228,688
228,689
228,690
228,691
229,692
229,85
229,85
229,85
229,85
229,85
229,85
229,85
229,85
229,85
229,693
229,87
229,87
229,87
229,87
230,694
230,694
230,694
230,694
230,694
230,694
230,694
230,694
230,694
230,694
230,694
230,694
230,694
230,694
230,694
230,694
230,695
231,696
231,697
231,697
231,697
231,697
231,697
231,697
231,697
231,697
231,697
231,698
231,698
231,698
231,698
231,698
231,698
231,698
231,698
231,698
232,699
233,513
233,513
233,513
233,513
233,513
233,513
233,513
233,513
233,513
233,513
233,513
233,513
233,513
233,513
233,513
233,513
233,513
233,513
233,513
233,513
233,513
233,513
233,513
233,513
233,513
233,700
233,700
233,700
233,700
233,700
233,700
233,700
233,700
233,700
233,701
234,702
234,703
235,697
235,697
235,697
235,697
235,697
235,697
235,697
235,697
235,697
235,85
235,85
235,85
235,85
235,85
235,85
235,85
235,85
235,85
235,698
235,698
235,698
235,698
235,698
235,698
235,698
235,698
235,698
236,704
236,648
236,648
236,648
236,648
236,648
236,648
236,648
236,648
236,648
237,705
237,706
237,707
237,708
238,598
238,709
239,710
239,711
239,712
240,713
240,647
240,647
240,647
240,647
240,647
240,647
240,647
240,647
240,647
240,648
240,648
240,648
240,648
240,648
240,648
240,648
240,648
240,648
241,25
241,25
241,25
241,25
241,24
241,24
241,24
241,24
241,23
241,23
241,23
241,23
242,691
242,377
243,117
243,117
243,117
243,117
243,117
243,117
243,117
243,117
243,117
243,117
243,117
243,117
243,117
243,117
243,117
243,117
243,714
243,715
243,716
244,715
245,717
246,718
247,719
247,720
248,401
248,401
248,401
248,401
248,402
248,402
248,402
248,402
249,721
250,722
250,723
251,724
252,725
252,726
253,727
254,728
254,728
254,728
254,728
255,729
255,730
256,731
256,732
257,733
257,734
257,735
258,736
258,737
258,738
258,739
258,740
258,741
259,742
259,743
259,744
260,745
261,746
261,747
261,748
262,749
262,750
263,751
264,752
264,753
265,746
265,748
265,754
265,755
266,756
267,757
268,758
268,759
268,760
269,761
270,762
271,763
272,764
273,765
273,766
273,767
273,768
273,769
273,770
273,771
274,772
275,773
275,774
275,775
275,776
275,777
275,778
275,779
275,780
275,781
276,782
276,783
276,784
276,785
276,786
277,787
277,788
277,789
277,790
277,791
277,792
277,793
277,794
277,795
277,796
277,797
277,798
277,799
277,800
277,801
277,802
277,803
278,804
279,805
279,806
279,807
279,808
279,809
280,117
280,117
280,117
280,117
280,117
280,117
280,117
280,117
280,117
280,117
280,117
280,117
280,117
280,117
280,117
280,117
280,810
280,811
281,812
281,813
281,814
281,815
282,816
282,817
282,818
283,819
283,820
284,821
284,822
284,823
284,824
284,825
285,826
285,827
286,828
286,829
286,830
287,831
287,832
287,833
287,834
287,835
288,32
288,33
289,836
289,837
289,838
290,839
290,394
290,394
290,394
290,394
290,394
290,394
290,394
290,394
290,394
290,394
290,394
290,394
290,394
290,394
290,394
290,394
290,840
290,840
290,840
290,840
290,841
290,841
290,841
290,841
290,841
290,841
290,841
290,841
290,841
290,841
290,841
290,841
290,841
290,841
290,841
290,841
290,841
290,841
290,841
290,841
290,841
290,841
290,841
290,841
290,841
291,32
291,842
291,843
292,844
293,845
293,846
294,847
294,848
294,849
295,850
296,851
297,852
298,853
299,854
299,855
300,856
300,345
300,345
300,345
300,345
300,857
300,857
300,857
300,857
301,858
302,859
302,860
302,861
303,721
303,854
303,862
304,863
304,864
305,865
306,866
306,64
307,867
307,868
307,869
307,870
308,721
308,862
309,871
310,872
310,873
310,873
310,873
310,873
310,873
310,873
310,873
310,873
310,873
310,873
310,873
310,873
310,873
310,873
310,873
310,873
310,873
310,873
310,873
310,873
310,873
310,873
310,873
310,873
310,873
311,874
311,875
312,876
312,877
312,117
312,117
312,117
312,117
312,117
312,117
312,117
312,117
312,117
312,117
312,117
312,117
312,117
312,117
312,117
312,117
312,878
313,879
313,880
313,881
313,882
313,883
314,884
314,885
315,886
316,887
316,863
317,888
317,889
317,890
317,891
318,633
318,633
318,633
318,633
318,633
318,633
318,633
318,633
318,633
318,636
318,892
318,892
318,892
318,892
318,892
318,892
318,892
318,892
318,892
319,893
319,860
319,894
319,895
320,896
320,897
320,168
320,168
320,168
320,168
320,168
320,168
320,168
320,168
320,168
320,898
320,899
321,900
321,392
321,392
321,392
321,392
321,901
321,902
321,903
322,904
322,904
322,904
322,904
322,905
323,906
324,907
324,908
324,909
324,910
325,911
325,911
325,911
325,911
325,912
325,913
325,914
325,915
325,916
326,917
326,162
327,918
327,173
327,173
327,173
327,173
327,173
327,173
327,173
327,173
327,173
327,173
327,173
327,173
327,173
327,173
327,173
327,173
327,173
327,173
327,173
327,173
327,173
327,173
327,173
327,173
327,173
328,919
328,920
329,921
329,922
330,923
330,924
330,925
331,926
331,927
332,928
333,929
333,930
333,931
334,932
334,933
334,934
334,935
335,936
335,937
335,938
336,939
336,940
337,941
337,168
337,168
337,168
337,168
337,168
337,168
337,168
337,168
337,168
338,942
338,943
338,169
338,169
338,169
338,169
339,944
339,945
339,946
340,377
340,691
341,111
341,165
341,947
341,80
342,948
343,840
343,840
343,840
343,840
343,839
343,394
343,394
343,394
343,394
343,394
343,394
343,394
343,394
343,394
343,394
343,394
343,394
343,394
343,394
343,394
343,394
344,949
344,949
344,949
344,949
345,950
345,950
345,950
345,950
346,951
346,952
347,953
347,954
348,955
349,956
349,957
349,958
350,959
350,960
350,961
350,962
350,963
350,964
350,965
350,966
350,966
350,966
350,966
350,966
350,966
350,966
350,966
350,966
351,80
351,967
351,968
351,108
351,108
351,108
351,108
351,969
352,80
352,111
352,970
352,109
352,109
352,109
352,109
352,971
353,972
354,973
355,974
356,975
356,976
356,977
357,10
357,11
357,11
357,11
357,11
357,978
358,979
358,980
358,981
358,982
358,983
359,984
360,985
360,633
360,633
360,633
360,633
360,633
360,633
360,633
360,633
360,633
360,635
360,635
360,635
360,635
360,636
361,986
361,911
361,911
361,911
361,911
361,912
362,987
363,988
363,989
364,990
364,33
365,991
365,992
365,993
365,994
366,995
366,996
366,997
366,998
366,999
366,1000
367,1001
367,1002
367,134
367,134
367,134
367,134
367,134
367,134
367,134
367,134
367,134
367,134
367,134
367,134
367,134
367,134
367,134
367,134
367,134
367,134
367,134
367,134
367,134
367,134
367,134
367,134
367,134
367,134
367,134
367,134
367,134
367,134
367,134
367,134
367,134
367,134
367,134
367,134
367,134
367,134
367,134
367,134
367,134
367,134
367,134
367,134
367,134
367,134
367,134
367,134
367,134
367,134
367,134
367,134
367,134
367,134
367,134
367,134
367,134
367,134
367,134
367,134
367,134
367,134
367,134
367,134
367,134
367,134
367,134
367,134
367,134
367,134
367,134
367,134
367,134
367,134
367,134
367,134
367,134
367,134
367,134
367,134
367,134
368,1003
368,1004
368,1005
368,1006
368,1007
368,1008
368,1009
368,1010
369,1011
369,1012
370,1013
370,1014
371,1015
371,1016
371,1017
371,1018
372,959
372,1019
372,966
372,966
372,966
372,966
372,966
372,966
372,966
372,966
372,966
373,1020
373,56
373,57
373,1021
373,1022
373,1023
374,142
374,1024
374,1025
374,1026
374,1027
374,1028
374,1029
374,1030
374,1031
375,1032
375,1033
375,1034
375,1035
376,1036
376,1037
377,1038
377,959
377,966
377,966
377,966
377,966
377,966
377,966
377,966
377,966
377,966
378,1039
378,1040
378,1041
378,1042
378,1043
378,1044
378,1045
378,1046
378,1047
378,1048
378,1049
378,1050
378,1051
378,1052
378,1053
378,1054
378,1055
378,1056
378,1057
378,57
379,1058
379,1059
379,1060
380,1061
380,1062
380,1063
380,1064
381,1065
381,1066
381,1067
381,1068
382,1069
382,1070
382,1071
382,1072
383,1073
383,1074
384,1075
384,1076
384,1077
384,1078
385,1079
385,1080
386,1081
386,1082
386,1083
387,405
387,406
387,1084
388,1085
388,854
388,1086
388,1087
389,1088
389,674
389,674
389,674
389,674
389,674
389,674
389,674
389,674
389,674
389,674
389,674
389,674
389,674
389,674
389,674
389,674
389,674
389,674
389,674
389,674
389,674
389,674
389,674
389,674
389,674
390,1089
390,1090
391,1091
391,1092
391,1093
392,65
392,64
392,1094
393,691
394,1095
394,1095
394,1095
394,1095
394,1096
394,1096
394,1096
394,1096
394,1096
394,1096
394,1096
394,1096
394,1096
394,173
394,173
394,173
394,173
394,173
394,173
394,173
394,173
394,173
394,173
394,173
394,173
394,173
394,173
394,173
394,173
394,173
394,173
394,173
394,173
394,173
394,173
394,173
394,173
394,173
395,1097
395,1098
396,1099
397,1100
397,1101
398,1102
399,1103
400,1104
400,1105
401,1106
401,1107
402,1108
402,1109
403,1110
403,1111
403,1112
404,1113
404,1114
404,1115
404,1116
405,1117
405,1118
406,1119
406,1120
406,1121
406,836
407,1122
408,1123
408,1124
408,1125
408,1126
408,1127
409,1128
409,127
410,64
410,65
410,1129
410,1130
410,1130
410,1130
410,1130
410,67
410,67
410,67
410,67
410,1131
410,1094
411,1132
411,698
411,698
411,698
411,698
411,698
411,698
411,698
411,698
411,698
411,697
411,697
411,697
411,697
411,697
411,697
411,697
411,697
411,697
411,1133
411,1134
412,1135
413,1136
413,1137
414,1138
415,1139
415,1140
415,1141
415,1142
415,1143
416,863
416,1144
416,1144
416,1144
416,1144
416,1144
416,1144
416,1144
416,1144
416,1144
417,1145
418,1146
419,1147
419,1148
420,1149
420,1150
421,950
421,950
421,950
421,950
421,1151
422,1152
423,1153
424,396
425,1154
426,1155
427,1156
428,1157
429,1128
429,127
430,1158
430,1159
431,1160
432,1161
433,1162
433,1163
434,1164
435,1165
435,1166
435,1167
435,1168
436,1169
436,1169
436,1169
436,1169
436,1170
436,1170
436,1170
436,1170
436,1171
436,1171
436,1171
436,1171
436,1172
436,1173
436,1173
436,1173
436,1173
437,694
437,694
437,694
437,694
437,694
437,694
437,694
437,694
437,694
437,694
437,694
437,694
437,694
437,694
437,694
437,694
437,1174
437,1174
437,1174
437,1174
437,1174
437,1174
437,1174
437,1174
437,1174
437,1175
437,1176
438,674
438,674
438,674
438,674
438,674
438,674
438,674
438,674
438,674
438,674
438,674
438,674
438,674
438,674
438,674
438,674
438,674
438,674
438,674
438,674
438,674
438,674
438,674
438,674
438,674
439,986
439,1177
439,1177
439,1177
439,1177
439,1178
439,1178
439,1178
439,1178
439,1179
440,1180
440,1181
440,1182
441,1183
441,1184
442,496
442,496
442,496
442,496
442,497
442,498
443,694
443,694
443,694
443,694
443,694
443,694
443,694
443,694
443,694
443,694
443,694
443,694
443,694
443,694
443,694
443,694
443,1174
443,1174
443,1174
443,1174
443,1174
443,1174
443,1174
443,1174
443,1174
444,1185
444,1186
444,1187
445,531
445,1188
445,1189
445,1190
445,1191
446,1192
447,1193
448,1194
448,394
448,394
448,394
448,394
448,394
448,394
448,394
448,394
448,394
448,394
448,394
448,394
448,394
448,394
448,394
448,394
448,1195
449,1196
450,1197
450,1198
451,1199
451,1200
452,1201
452,1202
452,1203
453,1204
453,1205
453,1206
453,1207
453,1208
453,1209
453,1210
453,1211
453,1212
454,572
454,513
454,513
454,513
454,513
454,513
454,513
454,513
454,513
454,513
454,513
454,513
454,513
454,513
454,513
454,513
454,513
454,513
454,513
454,513
454,513
454,513
454,513
454,513
454,513
454,513
455,1213
455,1214
456,1196
457,1215
457,1216
457,1217
457,1218
457,1219
458,1220
458,1221
458,1222
458,1223
459,1224
459,860
459,1225
459,861
460,1226
460,1227
460,1228
461,558
461,1229
462,1138
463,1230
463,1231
463,1232
463,1232
463,1232
463,1232
463,1233
463,1234
463,1235
463,1236
463,1237
463,1238
463,1239
463,1240
464,1241
464,1242
464,1243
465,1226
466,1244
466,1187
466,396
466,1185
467,1245
467,1246
467,1247
467,1248
468,1249
468,1250
468,1251
468,1252
468,1253
468,1254
468,1255
469,384
469,383
469,383
469,383
469,383
469,388
469,385
469,385
469,385
469,385
469,387
470,1256
470,1257
470,1258
471,1259
471,1260
471,1261
471,1262
472,683
472,162
473,1259
473,1263
473,1264
473,1265
473,1265
473,1265
473,1265
474,1095
474,1095
474,1095
474,1095
474,173
474,173
474,173
474,173
474,173
474,173
474,173
474,173
474,173
474,173
474,173
474,173
474,173
474,173
474,173
474,173
474,173
474,173
474,173
474,173
474,173
474,173
474,173
474,173
474,173
474,172
475,80
475,1266
475,1267
475,1268
476,162
476,166
476,166
476,166
476,166
476,165
476,1269
476,163
477,376
477,691
478,1270
478,598
479,513
479,513
479,513
479,513
479,513
479,513
479,513
479,513
479,513
479,513
479,513
479,513
479,513
479,513
479,513
479,513
479,513
479,513
479,513
479,513
479,513
479,513
479,513
479,513
479,513
479,572
479,1271
480,162
480,165
480,164
480,163
481,1272
481,1273
482,1274
482,184
482,184
482,184
482,184
482,184
482,184
482,184
482,184
482,184
482,184
482,184
482,184
482,184
482,184
482,184
482,184
482,184
482,184
482,184
482,184
482,184
482,184
482,184
482,184
482,184
482,1275
482,1275
482,1275
482,1275
482,1275
482,1275
482,1275
482,1275
482,1275
483,691
483,681
483,680
483,680
483,680
483,680
483,377
484,1276
485,947
485,1277
485,1278
486,1279
486,1280
486,1281
487,1282
487,1283
487,1284
487,373
488,134
488,134
488,134
488,134
488,134
488,134
488,134
488,134
488,134
488,134
488,134
488,134
488,134
488,134
488,134
488,134
488,134
488,134
488,134
488,134
488,134
488,134
488,134
488,134
488,134
488,134
488,134
488,134
488,134
488,134
488,134
488,134
488,134
488,134
488,134
488,134
488,134
488,134
488,134
488,134
488,134
488,134
488,134
488,134
488,134
488,134
488,134
488,134
488,134
488,134
488,134
488,134
488,134
488,134
488,134
488,134
488,134
488,134
488,134
488,134
488,134
488,134
488,134
488,134
488,134
488,134
488,134
488,134
488,134
488,134
488,134
488,134
488,134
488,134
488,134
488,134
488,134
488,134
488,134
488,134
488,134
488,1001
488,1285
488,1285
488,1285
488,1285
489,1266
489,167
489,1286
489,1287
489,1288
489,1289
489,172
490,531
491,1290
491,1291
491,1292
491,1293
491,1294
491,1295
491,1296
492,1297
492,1298
492,1299
493,156
493,550
493,551
493,551
493,551
493,551
493,1300
494,1301
494,1302
494,1302
494,1302
494,1302
494,1303
495,1304
495,1305
495,80
495,1306
495,1307
496,1308
496,1309
497,1310
497,1311
497,1312
498,1313
498,1314
498,1315
498,1316
498,1317
498,1318
499,1319
499,1320
499,1321
500,1322
500,1323
500,1324
501,523
501,523
501,523
501,523
501,522
501,522
501,522
501,522
501,522
501,522
501,522
501,522
501,522
501,520
501,520
501,520
501,520
501,520
501,520
501,520
501,520
501,520
501,1325
501,1325
501,1325
501,1325
501,1325
501,1325
501,1325
501,1325
501,1325
502,134
502,134
502,134
502,134
502,134
502,134
502,134
502,134
502,134
502,134
502,134
502,134
502,134
502,134
502,134
502,134
502,134
502,134
502,134
502,134
502,134
502,134
502,134
502,134
502,134
502,134
502,134
502,134
502,134
502,134
502,134
502,134
502,134
502,134
502,134
502,134
502,134
502,134
502,134
502,134
502,134
502,134
502,134
502,134
502,134
502,134
502,134
502,134
502,134
502,134
502,134
502,134
502,134
502,134
502,134
502,134
502,134
502,134
502,134
502,134
502,134
502,134
502,134
502,134
502,134
502,134
502,134
502,134
502,134
502,134
502,134
502,134
502,134
502,134
502,134
502,134
502,134
502,134
502,134
502,134
502,134
502,1002
502,1285
502,1285
502,1285
502,1285
502,1001
502,1326
503,1327
503,1328
503,1329
503,1330
504,1331
505,1332
505,1333
506,1334
506,1335
507,1336
508,728
508,728
508,728
508,728
509,1337
509,1338
510,1339
510,1178
510,1178
510,1178
510,1178
510,81
510,81
510,81
510,81
510,81
510,81
510,81
510,81
510,81
510,81
510,81
510,81
510,81
510,81
510,81
510,81
510,1177
510,1177
510,1177
510,1177
511,1340
512,721
513,1341
513,1342
513,1342
513,1342
513,1342
514,1343
514,1344
514,1345
514,1346
514,1347
515,632
515,1348
515,631
515,631
515,631
515,631
516,1349
516,1350
516,1351
517,1352
517,1353
518,1354
518,1355
518,1356
519,1357
519,1358
519,1359
519,1360
519,1361
519,1362
519,1363
519,1364
519,1365
519,1366
520,1367
520,1368
520,1369
520,1370
520,1371
520,1372
520,1373
520,1374
520,1375
520,1376
520,1377
520,1378
520,1379
521,1380
521,1381
521,1381
521,1381
521,1381
522,1382
522,1383
522,1384
523,1385
523,1342
523,1342
523,1342
523,1342
523,1386
524,1387
524,1388
525,1389
526,1390
526,1391
526,1392
526,1393
527,513
527,513
527,513
527,513
527,513
527,513
527,513
527,513
527,513
527,513
527,513
527,513
527,513
527,513
527,513
527,513
527,513
527,513
527,513
527,513
527,513
527,513
527,513
527,513
527,513
527,514
528,1394
528,1395
528,1396
529,1397
529,1398
530,1399
530,1336
530,1400
531,1401
531,1401
531,1401
531,1401
531,1401
531,1401
531,1401
531,1401
531,1401
531,1401
531,1401
531,1401
531,1401
531,1401
531,1401
531,1401
531,1401
531,1401
531,1401
531,1401
531,1401
531,1401
531,1401
531,1401
531,1401
531,1402
532,1403
532,1403
532,1403
532,1403
532,1404
532,1405
532,1405
532,1405
532,1405
533,1406
534,1407
534,1408
534,1409
535,1410
535,1411
536,1412
536,1413
537,1414
537,1415
538,1416
538,1416
538,1416
538,1416
539,1417
539,1418
539,1325
539,1325
539,1325
539,1325
539,1325
539,1325
539,1325
539,1325
539,1325
539,520
539,520
539,520
539,520
539,520
539,520
539,520
539,520
539,520
539,522
539,522
539,522
539,522
539,522
539,522
539,522
539,522
539,522
540,1419
540,1420
541,1421
541,1422
542,1423
542,1424
542,1425
542,1426
542,1427
543,1428
543,1429
543,1429
543,1429
543,1429
543,1429
543,1429
543,1429
543,1429
543,1429
543,1429
543,1429
543,1429
543,1429
543,1429
543,1429
543,1429
544,499
544,499
544,499
544,499
544,500
544,500
544,500
544,500
544,501
544,501
544,501
544,501
545,1430
545,1431
545,1432
545,1433
545,1434
545,1435
545,1436
546,1437
546,1438
546,1439
546,1440
546,1441
546,1442
547,1443
547,1444
548,1445
548,1446
548,1447
548,1448
549,1449
550,1450
551,1451
551,1452
551,1230
551,1453
552,1454
553,1455
553,1456
553,1457
553,1458
553,1459
554,1460
554,1461
554,1462
554,1463
555,1464
556,128
556,128
556,128
556,128
556,128
556,128
556,128
556,128
556,128
556,1465
556,1466
556,1466
556,1466
556,1466
556,1466
556,1466
556,1466
556,1466
556,1466
556,1467
556,1467
556,1467
556,1467
556,1468
557,1469
557,1470
557,1471
557,1472
557,1473
557,1474
558,1475
559,1476
559,1477
559,1478
559,1479
560,64
560,1480
560,1481
560,1482
560,1482
560,1482
560,1482
560,1483
561,1138
562,358
562,358
562,358
562,358
562,358
562,358
562,358
562,358
562,358
562,1484
562,359
563,674
563,674
563,674
563,674
563,674
563,674
563,674
563,674
563,674
563,674
563,674
563,674
563,674
563,674
563,674
563,674
563,674
563,674
563,674
563,674
563,674
563,674
563,674
563,674
563,674
564,1403
564,1403
564,1403
564,1403
564,1405
564,1405
564,1405
564,1405
565,1138
566,1485
567,674
567,674
567,674
567,674
567,674
567,674
567,674
567,674
567,674
567,674
567,674
567,674
567,674
567,674
567,674
567,674
567,674
567,674
567,674
567,674
567,674
567,674
567,674
567,674
567,674
568,1486
568,1487
568,1488
568,1489
568,1490
568,1491
568,1492
569,1493
569,465
570,1494
570,1494
570,1494
570,1494
570,865
571,64
571,1130
571,1130
571,1130
571,1130
571,1129
571,1482
571,1482
571,1482
571,1482
571,1495
571,1496
572,1494
572,1494
572,1494
572,1494
572,1497
572,865
573,1498
574,1499
574,1500
574,1501
575,918
575,1502
575,173
575,173
575,173
575,173
575,173
575,173
575,173
575,173
575,173
575,173
575,173
575,173
575,173
575,173
575,173
575,173
575,173
575,173
575,173
575,173
575,173
575,173
575,173
575,173
575,173
575,1503
576,1504
576,1505
576,1506
576,1507
576,1508
576,1509
577,694
577,694
577,694
577,694
577,694
577,694
577,694
577,694
577,694
577,694
577,694
577,694
577,694
577,694
577,694
577,694
577,1174
577,1174
577,1174
577,1174
577,1174
577,1174
577,1174
577,1174
577,1174
577,1510
578,947
578,1511
578,1512
578,1513
579,1514
579,1514
579,1514
579,1514
579,1514
579,1514
579,1514
579,1514
579,1514
579,1515
579,1516
579,1516
579,1516
579,1516
579,1516
579,1516
579,1516
579,1516
579,1516
579,1516
579,1516
579,1516
579,1516
579,1516
579,1516
579,1516
580,570
580,1517
580,1518
580,1519
581,1520
581,1521
581,1522
581,1523
581,1524
581,1525
582,1526
582,1527
582,1528
583,1529
583,1530
584,1531
584,1532
584,1533
585,1171
585,1171
585,1171
585,1171
585,1169
585,1169
585,1169
585,1169
585,1170
585,1170
585,1170
585,1170
585,1534
585,1535
585,1173
585,1173
585,1173
585,1173
586,570
586,1536
586,1537
587,1538
587,1539
587,1540
587,1541
588,1542
588,1543
589,1275
589,1275
589,1275
589,1275
589,1275
589,1275
589,1275
589,1275
589,1275
589,184
589,184
589,184
589,184
589,184
589,184
589,184
589,184
589,184
589,184
589,184
589,184
589,184
589,184
589,184
589,184
589,184
589,184
589,184
589,184
589,184
589,184
589,184
589,184
589,184
589,1544
589,1545
590,134
590,134
590,134
590,134
590,134
590,134
590,134
590,134
590,134
590,134
590,134
590,134
590,134
590,134
590,134
590,134
590,134
590,134
590,134
590,134
590,134
590,134
590,134
590,134
590,134
590,134
590,134
590,134
590,134
590,134
590,134
590,134
590,134
590,134
590,134
590,134
590,134
590,134
590,134
590,134
590,134
590,134
590,134
590,134
590,134
590,134
590,134
590,134
590,134
590,134
590,134
590,134
590,134
590,134
590,134
590,134
590,134
590,134
590,134
590,134
590,134
590,134
590,134
590,134
590,134
590,134
590,134
590,134
590,134
590,134
590,134
590,134
590,134
590,134
590,134
590,134
590,134
590,134
590,134
590,134
590,134
590,1546
590,1547
590,1548
591,1549
591,1549
591,1549
591,1549
591,1549
591,1549
591,1549
591,1549
591,1549
591,1549
591,1549
591,1549
591,1549
591,1549
591,1549
591,1549
591,1550
591,1551
591,1552
591,1552
591,1552
591,1552
591,1553
592,1304
592,1554
592,1555
592,1556
593,1557
594,1558
595,1559
595,1560
596,1561
596,1562
596,1302
596,1302
596,1302
596,1302
597,1563
597,1564
597,1565
598,75
598,78
598,77
598,77
598,77
598,77
598,1566
598,79
598,79
598,79
598,79
598,1567
599,1568
599,1569
599,1570
600,1571
600,1572
601,1573
601,1574
601,1575
602,1576
602,1577
602,1578
603,1579
603,1580
603,1581
603,1582
603,1583
604,1584
604,1585
605,871
606,1586
606,396
607,1587
607,1588
607,1589
607,864
608,1590
608,1591
608,1592
609,1593
609,1594
610,133
610,133
610,133
610,133
610,133
610,133
610,133
610,133
610,133
610,133
610,133
610,133
610,133
610,133
610,133
610,133
610,134
610,134
610,134
610,134
610,134
610,134
610,134
610,134
610,134
610,134
610,134
610,134
610,134
610,134
610,134
610,134
610,134
610,134
610,134
610,134
610,134
610,134
610,134
610,134
610,134
610,134
610,134
610,134
610,134
610,134
610,134
610,134
610,134
610,134
610,134
610,134
610,134
610,134
610,134
610,134
610,134
610,134
610,134
610,134
610,134
610,134
610,134
610,134
610,134
610,134
610,134
610,134
610,134
610,134
610,134
610,134
610,134
610,134
610,134
610,134
610,134
610,134
610,134
610,134
610,134
610,134
610,134
610,134
610,134
610,134
610,134
610,134
610,134
610,134
610,134
610,134
610,134
610,134
610,134
610,134
610,134
610,135
611,1595
612,1596
612,1597
613,1598
613,1599
614,1600
615,1601
615,1602
616,1603
616,1604
617,1605
617,1606
618,1607
618,1608
619,1609
619,1610
620,1611
620,1612
620,1613
621,491
621,491
621,491
621,491
621,493
621,493
621,493
621,493
621,1614
621,1615
621,1616
621,495
621,495
621,495
621,495
622,1617
623,1226
623,80
623,1618
623,1619
624,1620
624,1621
625,1622
626,1623
626,1624
626,1625
627,1623
627,1625
627,1626
627,1627
627,1628
628,1628
628,1625
629,1629
630,1630
630,1631
630,1632
630,1633
631,1634
631,1635
631,1636
632,1637
632,1638
633,1639
633,1640
634,1259
634,1260
634,1641
634,1261
634,1265
634,1265
634,1265
634,1265
635,1642
635,1643
635,184
635,184
635,184
635,184
635,184
635,184
635,184
635,184
635,184
635,184
635,184
635,184
635,184
635,184
635,184
635,184
635,184
635,184
635,184
635,184
635,184
635,184
635,184
635,184
635,184
636,184
636,184
636,184
636,184
636,184
636,184
636,184
636,184
636,184
636,184
636,184
636,184
636,184
636,184
636,184
636,184
636,184
636,184
636,184
636,184
636,184
636,184
636,184
636,184
636,184
636,1275
636,1275
636,1275
636,1275
636,1275
636,1275
636,1275
636,1275
636,1275
636,1644
637,1645
637,1191
638,1646
638,1647
638,1190
638,1648
639,1649
640,1650
640,1651
641,1652
641,1650
642,1653
642,1650
642,1654
642,1655
643,162
643,163
643,1269
644,162
644,1656
644,1269
645,904
645,904
645,904
645,904
646,1657
646,1658
646,1659
647,578
647,1660
647,1661
